<?xml version="1.0" encoding="UTF-8"?>
<export version="E">
  <design>
    <source>D:\PCB\fiverr3(dierdorffza)\pcb\pcb.kicad_sch</source>
    <date>6/1/2023 10:40:24 AM</date>
    <tool>Eeschema (6.0.6)</tool>
    <sheet number="1" name="/" tstamps="/">
      <title_block>
        <title/>
        <company/>
        <rev/>
        <date/>
        <source>pcb.kicad_sch</source>
        <comment number="1" value=""/>
        <comment number="2" value=""/>
        <comment number="3" value=""/>
        <comment number="4" value=""/>
        <comment number="5" value=""/>
        <comment number="6" value=""/>
        <comment number="7" value=""/>
        <comment number="8" value=""/>
        <comment number="9" value=""/>
      </title_block>
    </sheet>
  </design>
  <components>
    <comp ref="J1">
      <value>RJ45</value>
      <footprint>KiCad GLobal Footprint Library:rj45</footprint>
      <libsource lib="Connector" part="RJ45" description="RJ connector, 8P8C (8 positions 8 connected)"/>
      <property name="Sheetname" value=""/>
      <property name="Sheetfile" value="pcb.kicad_sch"/>
      <sheetpath names="/" tstamps="/"/>
      <tstamps>2be4457e-763a-4f66-b3c2-d3d8619121b3</tstamps>
    </comp>
    <comp ref="J2">
      <value>RJ45</value>
      <footprint>KiCad GLobal Footprint Library:rj45</footprint>
      <libsource lib="Connector" part="RJ45" description="RJ connector, 8P8C (8 positions 8 connected)"/>
      <property name="Sheetname" value=""/>
      <property name="Sheetfile" value="pcb.kicad_sch"/>
      <sheetpath names="/" tstamps="/"/>
      <tstamps>2a33e625-58da-490e-b561-23ea60d7bafc</tstamps>
    </comp>
    <comp ref="J3">
      <value>RJ45</value>
      <footprint>KiCad GLobal Footprint Library:rj45</footprint>
      <libsource lib="Connector" part="RJ45" description="RJ connector, 8P8C (8 positions 8 connected)"/>
      <property name="Sheetname" value=""/>
      <property name="Sheetfile" value="pcb.kicad_sch"/>
      <sheetpath names="/" tstamps="/"/>
      <tstamps>dfb92198-a68b-4cce-8664-8a173e87f911</tstamps>
    </comp>
  </components>
  <libparts>
    <libpart lib="Connector" part="RJ45">
      <description>RJ connector, 8P8C (8 positions 8 connected)</description>
      <docs>~</docs>
      <footprints>
        <fp>8P8C*</fp>
        <fp>RJ31*</fp>
        <fp>RJ32*</fp>
        <fp>RJ33*</fp>
        <fp>RJ34*</fp>
        <fp>RJ35*</fp>
        <fp>RJ41*</fp>
        <fp>RJ45*</fp>
        <fp>RJ49*</fp>
        <fp>RJ61*</fp>
      </footprints>
      <fields>
        <field name="Reference">J</field>
        <field name="Value">RJ45</field>
        <field name="Datasheet">~</field>
      </fields>
      <pins>
        <pin num="1" name="" type="passive"/>
        <pin num="2" name="" type="passive"/>
        <pin num="3" name="" type="passive"/>
        <pin num="4" name="" type="passive"/>
        <pin num="5" name="" type="passive"/>
        <pin num="6" name="" type="passive"/>
        <pin num="7" name="" type="passive"/>
        <pin num="8" name="" type="passive"/>
      </pins>
    </libpart>
  </libparts>
  <libraries>
    <library logical="Connector">
      <uri>C:\Program Files\KiCad\6.0\share\kicad\symbols\/Connector.kicad_sym</uri>
    </library>
  </libraries>
  <nets>
    <net code="1" name="Net-(J1-Pad1)">
      <node ref="J1" pin="1" pintype="passive"/>
      <node ref="J3" pin="1" pintype="passive"/>
    </net>
    <net code="2" name="Net-(J1-Pad2)">
      <node ref="J1" pin="2" pintype="passive"/>
      <node ref="J3" pin="2" pintype="passive"/>
    </net>
    <net code="3" name="Net-(J1-Pad3)">
      <node ref="J1" pin="3" pintype="passive"/>
      <node ref="J3" pin="3" pintype="passive"/>
    </net>
    <net code="4" name="Net-(J1-Pad4)">
      <node ref="J1" pin="4" pintype="passive"/>
      <node ref="J2" pin="1" pintype="passive"/>
    </net>
    <net code="5" name="Net-(J1-Pad5)">
      <node ref="J1" pin="5" pintype="passive"/>
      <node ref="J2" pin="2" pintype="passive"/>
    </net>
    <net code="6" name="Net-(J1-Pad6)">
      <node ref="J1" pin="6" pintype="passive"/>
      <node ref="J3" pin="6" pintype="passive"/>
    </net>
    <net code="7" name="Net-(J1-Pad7)">
      <node ref="J1" pin="7" pintype="passive"/>
      <node ref="J2" pin="3" pintype="passive"/>
    </net>
    <net code="8" name="Net-(J1-Pad8)">
      <node ref="J1" pin="8" pintype="passive"/>
      <node ref="J2" pin="6" pintype="passive"/>
    </net>
    <net code="9" name="unconnected-(J2-Pad4)">
      <node ref="J2" pin="4" pintype="passive+no_connect"/>
    </net>
    <net code="10" name="unconnected-(J2-Pad5)">
      <node ref="J2" pin="5" pintype="passive+no_connect"/>
    </net>
    <net code="11" name="unconnected-(J2-Pad7)">
      <node ref="J2" pin="7" pintype="passive+no_connect"/>
    </net>
    <net code="12" name="unconnected-(J2-Pad8)">
      <node ref="J2" pin="8" pintype="passive+no_connect"/>
    </net>
    <net code="13" name="unconnected-(J3-Pad4)">
      <node ref="J3" pin="4" pintype="passive+no_connect"/>
    </net>
    <net code="14" name="unconnected-(J3-Pad5)">
      <node ref="J3" pin="5" pintype="passive+no_connect"/>
    </net>
    <net code="15" name="unconnected-(J3-Pad7)">
      <node ref="J3" pin="7" pintype="passive+no_connect"/>
    </net>
    <net code="16" name="unconnected-(J3-Pad8)">
      <node ref="J3" pin="8" pintype="passive+no_connect"/>
    </net>
  </nets>
</export>
